[
  {
    "code": "115",
    "valve": "这就是我要展示的title "
  },
  {
    "code": "116 ",
    "valve": "这就412元素code116的内容 "
  },
  {
    "code": "213 ",
    "valve": "这就213元素这个是列表 ",
    "list": [
      [
        {
          "code": "113",
          "valve": "这就113 "
        },
        {
          "code": "112",
          "valve": "这就112 "
        }
      ],
      [
        {
          "code": "113",
          "valve": "这就113的第二个"
        },
        {
          "code": "112 ",
          "valve": "这就112的第二个 "
        }
      ]
    ]
  }
]