[
  {
    "printerDTO": {
      "connectionType": "socket",
      "id": "1",
      "printerName": "ZT410",
      "printerType": "热转印",
      "supportWidth": 80.8
    },
    "paperDTOList": [
      {
        "id": "1",
        "paperHeight": 21.0,
        "paperType": "A4",
        "paperWidth": 29.7
      },
      {
        "id": "2",
        "paperHeight": 25.0,
        "paperType": "A1",
        "paperWidth": 21.7
      },
      {
        "id": "3",
        "paperHeight": 30.0,
        "paperType": "A2",
        "paperWidth": 20.7
      }
    ]
  },
  {
    "printerDTO": {
      "connectionType": "socket",
      "id": "2",
      "printerName": "ZT411",
      "printerType": "热转印",
      "supportWidth": 60.8
    },
    "paperDTOList": [
      {
        "id": "1",
        "paperHeight": 21.0,
        "paperType": "A4",
        "paperWidth": 29.7
      },
      {
        "id": "4",
        "paperHeight": 20.0,
        "paperType": "A1",
        "paperWidth": 30.0
      }
    ]
  },
  {
    "printerDTO": {
      "connectionType": "socket",
      "id": "2",
      "printerName": "ZT510",
      "printerType": "热转印",
      "supportWidth": 60.8
    },
    "paperDTOList": [
      {
        "id": "1",
        "paperHeight": 21.0,
        "paperType": "A4",
        "paperWidth": 29.7
      },
      {
        "id": "4",
        "paperHeight": 20.0,
        "paperType": "A1",
        "paperWidth": 30.0
      }
    ]
  }
]


